<cards>
    <card>
        <cardnumber>123456789</cardnumber>
        <cardbrand>VISA</cardbrand>
        <currency>USD</currency>
        <issuerbank>AMERIA</issuerbank>
        <cardholder>GOR GRIGORYAN</cardholder>
        <expiredate>25/12/20</expiredate>
    </card>
    <card>
        <cardnumber>123456790</cardnumber>
        <cardbrand>MASTER</cardbrand>
        <currency>AMD</currency>
        <issuerbank>AMERIA</issuerbank>
        <cardholder>GOR GRIGORYAN</cardholder>
        <expiredate>25/12/21</expiredate>
    </card>
    <card>
        <cardnumber>12345672</cardnumber>
        <cardbrand>Express</cardbrand>
        <currency>EUR</currency>
        <issuerbank>HSBC</issuerbank>
        <cardholder>ARAM ARAMYAN</cardholder>
        <expiredate>11/12/21</expiredate>
    </card>
</cards>